{"True Negative": 392, "False Positive": 51, "False Negative": 68, "True Positive": 202, "0": {"precision": 0.8521739130434782, "recall": 0.8848758465011287, "f1-score": 0.8682170542635659, "support": 443}, "1": {"precision": 0.7984189723320159, "recall": 0.7481481481481481, "f1-score": 0.7724665391969407, "support": 270}, "accuracy": 0.8330995792426368, "macro avg": {"precision": 0.825296442687747, "recall": 0.8165119973246384, "f1-score": 0.8203417967302533, "support": 713}, "weighted avg": {"precision": 0.8318179046394182, "recall": 0.8330995792426368, "f1-score": 0.8319580934388972, "support": 713}}