{"True Negative": 441, "False Positive": 2, "False Negative": 10, "True Positive": 260, "0": {"precision": 0.9778270509977827, "recall": 0.9954853273137697, "f1-score": 0.9865771812080537, "support": 443}, "1": {"precision": 0.9923664122137404, "recall": 0.9629629629629629, "f1-score": 0.9774436090225563, "support": 270}, "accuracy": 0.9831697054698457, "macro avg": {"precision": 0.9850967316057615, "recall": 0.9792241451383663, "f1-score": 0.982010395115305, "support": 713}, "weighted avg": {"precision": 0.9833328399575423, "recall": 0.9831697054698457, "f1-score": 0.983118465233181, "support": 713}}